{"cameraMode":{"drawMode":0,"name":"Shaded","section":"Shading Mode"},"sceneLighting":false,"audioPlay":false,"sceneViewState":{"m_AlwaysRefresh":false,"showFog":true,"showSkybox":false,"showFlares":true,"showImageEffects":true,"showParticleSystems":true,"showVisualEffectGraphs":true,"m_FxEnabled":true},"in2DMode":false,"pivot":{"x":64.94255065917969,"y":34.428401947021487,"z":-27.523948669433595},"rotation":{"x":0.007232677657157183,"y":0.7425916194915772,"z":-0.008020243607461453,"w":0.6696593165397644},"size":103.13301849365235,"orthographic":true}