{"cameraMode":{"drawMode":0,"name":"Shaded","section":"Shading Mode"},"sceneLighting":false,"audioPlay":false,"sceneViewState":{"m_AlwaysRefresh":false,"showFog":true,"showSkybox":false,"showFlares":true,"showImageEffects":true,"showParticleSystems":true,"showVisualEffectGraphs":true,"m_FxEnabled":true},"in2DMode":false,"pivot":{"x":172.20437622070313,"y":31.493274688720704,"z":28.072113037109376},"rotation":{"x":-0.01576838456094265,"y":0.7386117577552795,"z":-0.017286289483308793,"w":-0.6737292408943176},"size":65.59659576416016,"orthographic":true}