{"cameraMode":{"drawMode":0,"name":"Shaded","section":"Shading Mode"},"sceneLighting":false,"audioPlay":false,"sceneViewState":{"m_AlwaysRefresh":false,"showFog":true,"showSkybox":false,"showFlares":true,"showImageEffects":true,"showParticleSystems":true,"showVisualEffectGraphs":true,"m_FxEnabled":true},"in2DMode":false,"pivot":{"x":-16.127456665039064,"y":28.024574279785158,"z":46.55191421508789},"rotation":{"x":0.0021593032870441677,"y":-0.6942629814147949,"z":0.002082676161080599,"w":0.7197176814079285},"size":131.6656494140625,"orthographic":false}