{"cameraMode":{"drawMode":0,"name":"Shaded","section":"Shading Mode"},"sceneLighting":false,"audioPlay":false,"sceneViewState":{"m_AlwaysRefresh":false,"showFog":true,"showSkybox":false,"showFlares":true,"showImageEffects":true,"showParticleSystems":true,"showVisualEffectGraphs":true,"m_FxEnabled":true},"in2DMode":false,"pivot":{"x":0.0016886035446077586,"y":-0.00445591239258647,"z":-0.06058904528617859},"rotation":{"x":0.02099841646850109,"y":-0.0014997043181210757,"z":0.000031500105251325294,"w":0.9997786283493042},"size":0.07036598771810532,"orthographic":false}