{"cameraMode":{"drawMode":0,"name":"Shaded","section":"Shading Mode"},"sceneLighting":false,"audioPlay":false,"sceneViewState":{"m_AlwaysRefresh":false,"showFog":true,"showSkybox":false,"showFlares":true,"showImageEffects":true,"showParticleSystems":true,"showVisualEffectGraphs":true,"m_FxEnabled":true},"in2DMode":false,"pivot":{"x":0.07627851516008377,"y":-0.0009515861165709794,"z":-0.030736466869711877},"rotation":{"x":0.024414237588644029,"y":0.28825342655181887,"z":-0.007352096494287252,"w":0.9572142958641052},"size":0.11725557595491409,"orthographic":true}