{"cameraMode":{"drawMode":0,"name":"Shaded","section":"Shading Mode"},"sceneLighting":false,"audioPlay":false,"sceneViewState":{"m_AlwaysRefresh":false,"showFog":true,"showSkybox":false,"showFlares":true,"showImageEffects":true,"showParticleSystems":true,"showVisualEffectGraphs":true,"m_FxEnabled":true},"in2DMode":false,"pivot":{"x":129.0159912109375,"y":38.89788055419922,"z":23.328109741210939},"rotation":{"x":0.0568908154964447,"y":-0.052390579134225848,"z":0.0029895943589508535,"w":0.9970017075538635},"size":93.90998840332031,"orthographic":false}